Date,Open,High,Low,Close,Volume,Change
2024-12-02,93900,95800,93500,94200,856300,0.013993541442411273
2024-12-03,95900,98000,95000,98000,1269834,0.04033970276008492
2024-12-04,96700,99700,96300,98100,1718985,0.0010204081632652073
2024-12-05,97200,98400,93800,94000,1047065,-0.041794087665647295
2024-12-06,94100,96200,93200,94800,974415,0.008510638297872353
2024-12-09,93200,94400,92000,92000,1163885,-0.029535864978902926
2024-12-10,93000,96000,93000,95800,1426079,0.04130434782608705
2024-12-11,96500,97500,95400,96500,891106,0.007306889352818313
2024-12-12,96800,98900,96800,97200,1672208,0.007253886010362587
2024-12-13,97500,98600,96100,98100,784619,0.0092592592592593
2024-12-16,98100,98200,95300,95300,977937,-0.02854230377166156
2024-12-17,95400,97200,95400,95700,1015342,0.0041972717733473885
2024-12-18,96500,102400,96500,101800,2225773,0.0637408568443052
2024-12-19,100000,101800,98900,100600,1674120,-0.011787819253438081
2024-12-20,100100,101200,99000,101200,1253819,0.005964214711729587
2024-12-23,101200,102700,99500,100900,778490,-0.0029644268774703386
2024-12-24,100600,101500,99500,100600,588138,-0.0029732408325073845
2024-12-26,100800,103000,99600,102900,912601,0.022862823061630122
2024-12-27,101100,101800,100000,100900,607220,-0.0194363459669582
2024-12-30,100500,103100,100400,100700,704616,-0.001982160555004997
2025-01-02,101000,102300,100500,101600,712616,0.008937437934458892
2025-01-03,101500,101800,99200,100700,1015616,-0.008858267716535417
2025-01-06,100800,101300,99200,100500,784082,-0.0019860973187686426
2025-01-07,100500,101500,99100,99100,1128286,-0.013930348258706426
2025-01-08,99000,101400,98900,101000,1058728,0.019172552976791213
2025-01-09,101200,105700,101200,103300,2359171,0.022772277227722793
2025-01-10,104000,106600,103500,105600,1951844,0.022265246853823806
2025-01-13,104700,105400,103600,105400,1130422,-0.0018939393939394478
2025-01-14,104700,107900,104200,106700,1300498,0.012333965844402384
2025-01-15,106500,107200,102700,103300,1177799,-0.03186504217432051
2025-01-16,104500,104800,103000,103400,654359,0.0009680542110357404
2025-01-17,102400,103000,100400,101500,919480,-0.01837524177949712
2025-01-20,101500,102000,100800,101000,411505,-0.0049261083743842304
2025-01-21,102100,105300,100700,101000,1033495,0.0
2025-01-22,101900,103400,100700,103000,856499,0.01980198019801982
2025-01-23,102500,104000,101100,102700,730474,-0.002912621359223322
2025-01-24,104400,104400,101000,101700,1296839,-0.009737098344693274
2025-01-31,100800,102800,100200,102000,909716,0.002949852507374562
2025-02-03,100200,100700,95000,96100,2040413,-0.05784313725490198
2025-02-04,99100,99200,96300,96700,1255891,0.00624349635796051
2025-02-05,97400,99300,97000,98100,923434,0.014477766287487093
2025-02-06,98300,98800,97200,98800,563800,0.007135575942915473
2025-02-07,97600,98900,96300,96500,991140,-0.023279352226720618
2025-02-10,94000,95100,93000,94600,1722666,-0.01968911917098448
2025-02-11,93200,95100,93200,93800,1172529,-0.008456659619450302
2025-02-12,93300,94100,91400,91700,1688145,-0.02238805970149249
2025-02-13,93800,95600,93300,94300,2326740,0.028353326063249806
2025-02-14,94400,95900,93700,95000,1349332,0.007423117709437932
2025-02-17,94300,94900,93100,94300,1049521,-0.00736842105263158
2025-02-18,94300,95300,93700,93900,883917,-0.0042417815482502785
2025-02-19,92800,95800,92800,95000,1053531,0.011714589989350266
2025-02-20,94100,94800,93500,94500,1078110,-0.0052631578947368585
2025-02-21,95800,96700,94300,94600,960186,0.0010582010582009804
2025-02-24,93700,94900,93600,94900,659841,0.003171247357293794
2025-02-25,94000,94300,93200,93200,1001392,-0.017913593256059013
2025-02-26,93200,94200,93100,94100,789301,0.00965665236051505
2025-02-27,93700,94700,93600,94600,841391,0.005313496280552554
2025-02-28,93500,94400,93000,93200,1640049,-0.014799154334038
2025-03-04,93100,96300,91900,93300,1312252,0.0010729613733906351
2025-03-05,94600,96600,94400,95900,1593290,0.02786709539121124
2025-03-06,99000,99300,97300,98000,1778981,0.021897810218978186
2025-03-07,96700,97800,96100,96800,1138412,-0.01224489795918371
2025-03-10,95900,98400,95900,98000,1190280,0.012396694214876103
2025-03-11,96100,98500,96100,98400,1137146,0.004081632653061273
2025-03-12,98400,99400,97600,99100,1144714,0.007113821138211351
2025-03-13,98600,101300,98300,100400,2279252,0.013118062563067578
2025-03-14,100000,100600,99400,99500,1408638,-0.008964143426294813
2025-03-17,99700,100100,98200,98800,1892886,-0.007035175879396949
2025-03-18,93300,96400,93300,96400,2228720,-0.02429149797570851
2025-03-19,96500,97200,95500,97100,1094424,0.007261410788381717
2025-03-20,96700,97000,95500,96000,1056834,-0.011328527291452062
2025-03-21,95500,97400,95500,95700,2448199,-0.0031250000000000444
2025-03-24,95900,99500,95800,98700,1564435,0.03134796238244508
2025-03-25,102900,102900,100100,100800,1515074,0.02127659574468077
2025-03-26,102000,103000,101200,101400,1181983,0.005952380952380931
2025-03-27,99000,100000,97400,97900,1400285,-0.03451676528599601
2025-03-28,95200,96500,94600,95300,1293885,-0.026557711950970342
2025-03-31,93300,94100,91500,92300,1230700,-0.03147953830010497
2025-04-01,92800,93700,92000,93200,656473,0.009750812567713929
2025-04-02,92400,93600,91800,92100,931914,-0.011802575107296098
2025-04-03,89200,91400,88400,90800,1054819,-0.014115092290988063
2025-04-04,89500,91800,88700,89700,947048,-0.01211453744493396
2025-04-07,86100,87100,84100,84600,1066394,-0.05685618729096986
2025-04-08,85500,86600,84200,84300,952615,-0.0035460992907800915
2025-04-09,83900,84200,82800,83800,1002947,-0.005931198102016588
2025-04-10,89700,89800,87000,88200,1374506,0.05250596658711215
2025-04-11,86100,86200,81300,82000,2232779,-0.07029478458049887
2025-04-14,82300,83800,81800,83000,797192,0.012195121951219523
2025-04-15,85700,86800,85000,85800,1128439,0.033734939759036076
2025-04-16,85400,86300,84600,84700,583287,-0.012820512820512775
2025-04-17,84900,85550,84500,85000,430473,0.0035419126328217754
2025-04-18,85300,87600,84600,87300,569432,0.027058823529411802
2025-04-21,87700,88500,87000,88000,416037,0.008018327605956443
2025-04-22,87600,88000,86600,86800,558552,-0.013636363636363669
2025-04-23,88100,90700,87500,90000,1212681,0.03686635944700467
2025-04-24,90400,90800,88600,88800,908535,-0.013333333333333308
2025-04-25,89500,89700,87500,88200,1356631,-0.006756756756756799
2025-04-28,88500,89200,87700,88700,572742,0.005668934240362855
2025-04-29,90600,90900,89500,90600,808315,0.021420518602029315
2025-04-30,91000,91400,89600,90400,1023836,-0.002207505518763808
2025-05-02,91000,91000,88600,89400,768903,-0.011061946902654829
2025-05-07,90200,90400,87500,88100,1093539,-0.014541387024608499
2025-05-08,88100,88700,87800,87800,1161546,-0.0034052213393870323
2025-05-09,89400,90700,89200,89300,967229,0.017084282460136713
2025-05-12,90200,92400,89800,92400,813230,0.034714445688689866
2025-05-13,94000,94800,92700,93700,1369914,0.01406926406926412
2025-05-14,93600,94000,91800,92400,878937,-0.0138740661686233
2025-05-15,91900,92500,90900,91200,761239,-0.012987012987012991
2025-05-16,91300,92300,91300,92000,500754,0.00877192982456143
2025-05-19,91300,91900,90800,91500,555859,-0.005434782608695676
2025-05-20,92300,92800,90900,91200,710012,-0.003278688524590123
2025-05-21,92700,92700,90900,91200,748573,0.0
2025-05-22,90500,91100,88400,89200,1103198,-0.021929824561403466
2025-05-23,89200,89500,86900,87100,879529,-0.023542600896861
2025-05-26,87000,88400,86200,88100,760388,0.01148105625717566
2025-05-27,87300,88500,87100,88200,607447,0.0011350737797957144
2025-05-28,88500,90000,88500,89000,842967,0.009070294784580435
2025-05-29,90700,93700,90000,93200,1583303,0.04719101123595504
2025-05-30,91000,91200,89400,89400,1535385,-0.04077253218884125
2025-06-02,88400,89600,88100,88400,663587,-0.01118568232662187
2025-06-04,89200,90400,88600,89600,862750,0.013574660633484115
2025-06-05,89100,93500,89100,93100,1416289,0.0390625
2025-06-09,94400,96200,93800,95300,1449046,0.023630504833512367
2025-06-10,96200,96400,94100,94500,1077370,-0.008394543546694666
2025-06-11,95100,96900,95100,96900,992153,0.025396825396825307
2025-06-12,96900,99000,96800,98400,1768683,0.015479876160990669
2025-06-13,98000,98100,95600,97200,1506724,-0.012195121951219523
2025-06-16,96500,97900,95100,97500,809768,0.0030864197530864335
2025-06-17,98000,99800,97800,99600,1332802,0.021538461538461506
2025-06-18,98500,99400,97200,98900,1018716,-0.007028112449799173
2025-06-19,99400,99800,97500,98200,691399,-0.00707785642062686
2025-06-20,98000,98900,97200,98700,998377,0.005091649694501044
2025-06-23,97000,97000,94400,95900,867116,-0.028368794326241176
2025-06-24,95700,98500,95700,96900,911752,0.010427528675703845
2025-06-25,97500,104500,97000,101100,2778238,0.04334365325077405
2025-06-26,100700,102500,98700,99100,1157512,-0.01978239366963408
2025-06-27,99700,99700,97400,97700,574885,-0.014127144298688221
2025-06-30,96900,98200,96600,96900,693015,-0.008188331627430934
2025-07-01,97000,100500,97000,98700,1019849,0.018575851393188847
2025-07-02,100200,100700,98750,100000,1023366,0.01317122593718345
2025-07-03,100400,101500,99300,100100,774595,0.0009999999999998899
2025-07-04,100500,101500,99100,99100,470300,-0.009990009990009985
2025-07-07,98900,100000,98300,98600,430089,-0.005045408678102881
2025-07-08,98600,99800,97500,99100,643120,0.005070993914807254
2025-07-09,98300,99800,97400,99600,1037777,0.005045408678102881
2025-07-10,99900,101200,99300,100100,1142761,0.005020080321285203
2025-07-11,100100,102100,99800,100800,1087429,0.006993006993007089
2025-07-14,100200,103300,99600,103000,1173952,0.021825396825396748
2025-07-15,102100,102300,99800,100000,1241921,-0.029126213592232997
2025-07-16,99700,100500,99100,99500,668896,-0.0050000000000000044
2025-07-17,100000,100700,98500,100200,687922,0.007035175879396949
2025-07-18,100500,101400,99400,99800,586973,-0.003992015968063867
2025-07-21,99700,100200,99100,99300,422784,-0.00501002004008011
2025-07-22,99200,99700,97600,97800,646392,-0.015105740181268867
2025-07-23,100800,106100,100500,106100,3318750,0.0848670756646217
2025-07-24,107200,109000,104000,105000,2027261,-0.010367577756833168
2025-07-25,105000,107000,102400,104100,1395349,-0.008571428571428563
2025-07-28,106300,107500,104500,105500,1045072,0.01344860710854956
2025-07-29,104300,106400,103500,105700,1196086,0.0018957345971564177
2025-07-30,105000,112400,105000,110400,1917384,0.04446546830652798
2025-07-31,112700,113200,102300,102300,3132736,-0.07336956521739135
2025-08-01,101300,104100,100800,100800,1374554,-0.014662756598240456
2025-08-04,100700,103700,100500,102800,775610,0.01984126984126977
2025-08-05,103000,104200,101300,101400,891875,-0.013618677042801508
2025-08-06,101300,102700,101200,101800,780400,0.0039447731755424265
2025-08-07,103000,103300,101500,101800,649320,0.0
2025-08-08,102300,102400,101400,101900,664464,0.0009823182711199419
2025-08-11,101600,102750,101300,101600,536398,-0.0029440628066732533
2025-08-12,101100,103700,101000,101800,655429,0.0019685039370078705
2025-08-13,102800,103300,102100,103200,534661,0.013752455795677854
2025-08-14,103600,104700,103100,103700,574716,0.004844961240310086
2025-08-18,102100,103400,102100,102200,539476,-0.014464802314368419
2025-08-19,102500,104000,101900,104000,627551,0.017612524461839474
2025-08-20,104200,105500,103300,105100,713124,0.01057692307692304
2025-08-21,105700,105800,103900,103900,433907,-0.011417697431018059
2025-08-22,104200,105500,104200,104800,553097,0.008662175168431263
2025-08-25,105000,105300,103200,104700,440278,-0.000954198473282486
2025-08-26,104300,104600,103000,103000,606440,-0.01623686723973261
2025-08-27,103100,104000,102900,103500,383772,0.004854368932038833
2025-08-28,104500,107200,103300,105700,974330,0.021256038647343045
2025-08-29,105900,107800,105500,105800,704357,0.0009460737937558861
2025-09-01,106800,107900,106000,106500,496884,0.006616257088846833
2025-09-02,106200,107200,105750,107200,400273,0.00657276995305156
2025-09-03,106100,107800,106100,107000,544535,-0.001865671641791078
2025-09-04,106000,107200,105800,107000,563510,0.0
2025-09-05,106200,107000,106100,106600,442357,-0.0037383177570093906
2025-09-08,106100,106100,104100,104900,713309,-0.015947467166979368
2025-09-09,105500,105900,104700,105500,599237,0.0057197330791229906
2025-09-10,104900,107000,104900,106000,704159,0.004739336492890933
2025-09-11,105900,106800,105400,106600,1118881,0.005660377358490676
2025-09-12,106100,106600,105400,105900,906762,-0.0065666041275797005
2025-09-15,104800,105100,101300,101700,2334779,-0.03966005665722383
2025-09-16,101700,101900,100500,101400,1317017,-0.002949852507374673
2025-09-17,101200,101500,100500,101000,1005177,-0.0039447731755424265
2025-09-18,101500,102200,101100,102100,1143276,0.0108910891089109
2025-09-19,102300,102500,100500,101600,1545375,-0.004897159647404559
2025-09-22,101500,102500,101200,101900,737975,0.0029527559055118058
2025-09-23,101300,102900,101300,102800,597793,0.008832188420019538
2025-09-24,102900,103600,102500,103000,680285,0.0019455252918287869
2025-09-25,103000,103000,101400,102000,775758,-0.009708737864077666
2025-09-26,101200,101300,100200,100200,700206,-0.01764705882352946
2025-09-29,100600,101200,100000,100700,639908,0.004990019960079861
2025-09-30,100200,101800,100200,100700,885167,0.0
2025-10-01,100500,101500,100200,100600,580310,-0.0009930486593843213
2025-10-02,100700,105000,100700,104200,1580346,0.035785288270377746
2025-10-10,101100,102500,100600,100600,1354370,-0.03454894433781186
2025-10-13,100900,101700,100100,101100,564201,0.00497017892644136
2025-10-14,100600,103900,100500,102500,971824,0.013847675568743778
2025-10-15,102100,103800,101800,103800,598957,0.012682926829268304
2025-10-16,109300,112100,108200,111300,2290270,0.07225433526011571
2025-10-17,110800,113400,110100,112100,1054766,0.007187780772686336
2025-10-20,117000,118000,111200,114500,1188885,0.02140945584299736
2025-10-21,115200,119800,115200,115800,1725109,0.011353711790393017
2025-10-22,118400,118600,115300,118100,1259947,0.01986183074265968
2025-10-23,116300,117500,114700,115000,1129493,-0.026248941574936513
2025-10-24,115900,116200,113700,114900,738758,-0.0008695652173913437
2025-10-27,115400,117500,114800,114800,916818,-0.0008703220191470518
2025-10-28,114100,114200,112800,113600,872146,-0.010452961672473893
2025-10-29,115300,116600,113100,115800,1165316,0.01936619718309851
2025-10-30,126100,126200,116100,116200,2737130,0.003454231433505983
2025-10-31,117000,122600,116000,119900,3039559,0.03184165232358005
2025-11-03,120700,121100,117500,117700,1371107,-0.01834862385321101
2025-11-04,116600,119000,113500,114400,1179087,-0.028037383177570097
2025-11-05,114400,114600,109400,111000,1290707,-0.029720279720279685
2025-11-06,112500,113200,110250,112000,865031,0.009009009009008917
2025-11-07,110200,111600,108900,110100,536664,-0.016964285714285765
2025-11-10,111500,114800,111400,113700,699593,0.032697547683923744
2025-11-11,114100,116000,113800,116000,959520,0.020228671943711474
2025-11-12,115700,119900,115300,118600,1238570,0.022413793103448265
2025-11-13,117200,118700,116700,118000,783292,-0.005059021922428353
2025-11-14,116500,119500,115800,117000,667473,-0.008474576271186418
2025-11-17,118100,118900,116800,117400,619912,0.0034188034188034067
2025-11-18,116300,117300,114500,114500,514941,-0.024701873935264018
2025-11-19,115700,116400,114100,114500,615044,0.0
2025-11-20,115400,116200,113400,113400,651240,-0.009606986899563297
2025-11-21,111900,114700,111500,114000,680023,0.005291005291005346
2025-11-24,114900,115000,111100,111100,1566600,-0.025438596491228038
2025-11-25,112200,113200,111000,111200,632037,0.0009000900090008201
2025-11-26,113200,113200,111600,113200,527546,0.017985611510791477
2025-11-27,113000,114000,112800,114000,477958,0.007067137809187329
2025-11-28,114000,115300,112900,114100,609629,0.0008771929824560321
2025-12-01,113900,114400,111000,112300,690993,-0.015775635407537236
2025-12-02,113200,117000,112900,117000,984373,0.0418521816562778
2025-12-03,117300,119200,116500,118600,1066553,0.013675213675213627
2025-12-04,119300,120900,117700,120300,1315070,0.014333895446880351
2025-12-05,118700,123800,118200,123600,2075345,0.027431421446383997
2025-12-08,125300,127250,123400,125600,1464750,0.016181229773462702
2025-12-09,124600,126100,123300,123800,966759,-0.014331210191082855
2025-12-10,123800,124300,122000,123400,700984,-0.003231017770597755
2025-12-11,124600,126400,122500,122900,1030322,-0.004051863857374438
2025-12-12,123400,125800,123100,125800,684563,0.02359641985353944
2025-12-15,124900,125300,123600,124000,654771,-0.014308426073131986
2025-12-16,124300,125400,120200,120800,971830,-0.02580645161290318
2025-12-17,121900,121900,120200,121500,811670,0.005794701986755024
2025-12-18,119800,121200,119100,120400,658756,-0.009053497942386857
2025-12-19,121200,121900,118200,121000,1103568,0.004983388704318914
2025-12-22,121700,121800,119500,121100,532952,0.0008264462809917106
2025-12-23,121400,121900,119800,120200,398278,-0.007431874483897594
2025-12-24,120300,122500,120000,121000,423315,0.006655574043261225
2025-12-26,121300,121700,119100,119800,425261,-0.00991735537190086
2025-12-29,118600,121200,118300,121100,425379,0.01085141903171949
2025-12-30,119800,121800,119500,121800,435122,0.005780346820809301
2026-01-02,121100,122200,119500,120600,645645,-0.009852216748768461
2026-01-05,121000,123200,120700,122600,858385,0.016583747927031434
2026-01-06,124500,125800,121700,122500,1302137,-0.0008156606851549286
2026-01-07,121400,130500,121300,129300,3038127,0.05551020408163265
2026-01-08,131000,131100,123600,124900,1693240,-0.03402938901778807
2026-01-09,126400,133600,125300,133200,1738639,0.06645316253002398
2026-01-12,136000,137500,127900,129300,1768796,-0.029279279279279313
2026-01-13,130700,136200,129500,136000,2944545,0.051817478731631894
2026-01-14,139600,146300,137200,143000,2992169,0.05147058823529416
2026-01-15,142800,152500,141400,152500,3375671,0.06643356643356646
2026-01-16,158000,159500,149700,151100,2624747,-0.009180327868852478
2026-01-19,151800,170700,151300,169500,4040319,0.12177365982792843
2026-01-20,174000,177000,161800,163900,3225052,-0.03303834808259587
2026-01-21,160100,174800,160000,172100,4144416,0.05003050640634532
2026-01-22,172900,175700,163600,164600,3390188,-0.04357931435212081
2026-01-23,162200,165550,157300,159000,2594922,-0.03402187120291611
2026-01-26,156800,158600,154100,155200,1425292,-0.023899371069182385
2026-01-27,149300,153800,145900,153500,1856834,-0.010953608247422641
2026-01-28,155100,156000,149100,149700,1756119,-0.024755700325732932
2026-01-29,154000,156500,149700,154900,2518535,0.03473613894455574
2026-01-30,153400,156000,151300,152600,1571584,-0.01484828921885084
2026-02-02,151600,156800,148200,150100,1396470,-0.016382699868938366
2026-02-03,150100,154000,148800,154000,1341474,0.025982678214523602
2026-02-04,155100,158000,154000,156800,1387022,0.018181818181818077
2026-02-05,156700,161250,154800,156200,1589252,-0.003826530612244916
2026-02-06,154600,154900,149000,151900,1269545,-0.027528809218950068
2026-02-09,153700,155000,152200,153800,1370996,0.012508229098090906
2026-02-10,155800,158600,154600,154700,1011933,0.0058517555266579535
2026-02-11,156400,162000,154700,161800,1622428,0.045895281189398895
2026-02-12,163200,166300,160700,166300,1804086,0.02781211372064285
2026-02-13,164900,166000,163200,164100,972962,-0.013229104028863459
2026-02-19,169000,171500,164000,170000,1357727,0.03595368677635591
2026-02-20,170100,172700,168700,171800,1074310,0.010588235294117565
2026-02-23,174900,176800,171500,172700,1158150,0.0052386495925493826
2026-02-24,171200,174500,169300,174000,1213901,0.007527504342790925
2026-02-25,175700,199900,175500,196100,3876333,0.1270114942528735
2026-02-26,197400,208000,194100,206000,1991104,0.05048444671086183
2026-02-27,199600,212500,197100,205500,2945241,-0.0024271844660194164
2026-03-03,185000,195700,180000,182300,3431157,-0.11289537712895381
2026-03-04,167600,176900,155000,156700,2941762,-0.14042786615469005
2026-03-05,171600,172600,163400,166400,2697408,0.06190172303765151
2026-03-06,161100,169600,161000,167000,1667956,0.0036057692307691624
2026-03-09,152100,155000,150100,153400,1846031,-0.08143712574850304
2026-03-10,160200,163000,157000,161000,1765368,0.049543676662320735
2026-03-11,169000,170400,160500,162000,1171357,0.006211180124223503
2026-03-12,161500,167000,161300,167000,1348612,0.030864197530864113
2026-03-13,161400,166200,158700,164300,1614149,-0.016167664670658666
2026-03-16,162800,165200,161800,162000,1055451,-0.013998782714546576
2026-03-17,167000,170900,167000,167300,1068349,0.032716049382716106
2026-03-18,171100,176300,170600,175100,1186749,0.04662283323371197
2026-03-19,171000,173900,170200,170500,904634,-0.026270702455739592
2026-03-20,172100,172500,168500,168500,2000787,-0.011730205278592365
2026-03-23,162100,163900,159200,161700,1347768,-0.04035608308605343
2026-03-24,164000,164200,154500,157900,1544213,-0.023500309214594894
2026-03-25,160600,163300,157900,157900,1032979,0.0
2026-03-26,156500,158000,154300,154700,836063,-0.020265991133628924
2026-03-27,150800,156300,149400,155800,832198,0.007110536522301203
2026-03-30,147400,151900,145400,151500,976319,-0.02759948652118105
2026-03-31,145100,151800,143800,145200,1442003,-0.04158415841584162
2026-04-01,152900,157000,150100,155300,1056596,0.06955922865013764
2026-04-02,157900,160300,148600,150600,1122509,-0.030264005151319995
2026-04-03,153000,156100,149700,150200,508389,-0.0026560424966799445
2026-04-06,151000,154100,150200,151600,613147,0.009320905459387463
2026-04-07,152200,153400,149100,150800,719002,-0.00527704485488123
2026-04-08,158200,160000,155300,159200,1136144,0.0557029177718833
2026-04-09,159300,163200,149100,150500,1896387,-0.05464824120603018
2026-04-10,154000,154700,149000,149000,1787395,-0.009966777408637828
2026-04-13,147400,148700,145700,147400,976438,-0.010738255033557076
2026-04-14,149800,151700,149100,149200,924805,0.012211668928086894
2026-04-15,152000,154600,150800,151500,1100822,0.015415549597855183
2026-04-16,154600,158900,154600,157900,1405390,0.042244224422442134
2026-04-17,159800,159900,156800,159200,866411,0.008233058898036827
2026-04-20,158500,160300,156600,157400,602294,-0.011306532663316604
2026-04-21,158200,160500,157700,160000,758081,0.016518424396442244
2026-04-22,160000,160100,157700,160000,770589,0.0
2026-04-23,164700,164800,157000,158400,1112754,-0.010000000000000009
2026-04-24,157700,157700,153400,153400,1088654,-0.031565656565656575
2026-04-27,153800,154700,152100,152600,1418466,-0.0052151238591916504
2026-04-28,152900,159200,152300,155600,1572801,0.019659239842725995
2026-04-29,157300,157400,154000,156900,726697,0.008354755784061751
2026-04-30,155400,157400,151700,151800,1187225,-0.0325047801147228
2026-05-04,156300,156500,153600,154000,779973,0.01449275362318847
2026-05-06,154300,158800,154000,154600,1124784,0.003896103896103842
2026-05-07,159000,161900,156300,157600,1567931,0.019404915912031084
2026-05-08,159800,170300,156400,164500,3759583,0.04378172588832485
2026-05-11,170400,178800,166500,174700,2981237,0.062006079027355554
2026-05-12,175700,180400,162500,168300,2971261,-0.03663423010875788
2026-05-13,166500,179500,163800,179500,2667366,0.06654783125371355
2026-05-14,182100,183000,173600,178100,2320304,-0.007799442896935904
2026-05-15,178200,184200,164900,168000,2839184,-0.05670971364402022
2026-05-18,168800,170700,158600,162500,1367438,-0.03273809523809523
2026-05-19,161700,162600,152100,154900,1578129,-0.046769230769230785
2026-05-20,153600,154900,147700,149400,1918825,-0.035506778566817276
2026-05-21,154500,169300,153700,167900,1633956,0.12382864792503345
2026-05-22,169500,169800,162400,164800,900343,-0.01846337105419893
2026-05-26,168400,170500,165500,167000,887765,0.013349514563106846
2026-05-27,167300,169000,162500,164700,1295315,-0.01377245508982039
2026-05-28,172900,173000,159500,164300,1409381,-0.0024286581663630624
2026-05-29,165500,172500,164100,169200,2545048,0.029823493609251406
2026-06-01,170500,174600,167600,169900,1733940,0.004137115839243588
2026-06-02,171300,172700,163900,168800,1440263,-0.0064743967039434525
2026-06-04,166000,168000,162000,164300,1477518,-0.02665876777251186
2026-06-05,162900,163000,154600,161100,1077583,-0.019476567255021338
2026-06-08,149900,154700,149800,151400,1305489,-0.06021104903786467
2026-06-09,155900,167300,154500,164300,2331570,0.08520475561426677
2026-06-10,162000,164800,154500,159700,1920797,-0.027997565429093152
2026-06-11,154300,156000,150300,156000,1634502,-0.023168440826549785
2026-06-12,162800,168900,160800,166800,2416481,0.0692307692307692
2026-06-15,169200,172900,167100,167500,1297572,0.004196642685851293
2026-06-16,171700,171900,166200,170200,1130432,0.016119402985074638
2026-06-17,169200,169400,165800,166300,585295,-0.02291421856639253
2026-06-18,165500,167000,158500,158800,1058777,-0.04509921828021646
2026-06-19,159000,162400,153700,154900,1605584,-0.024559193954659997
2026-06-22,154500,155700,151100,151400,735085,-0.022595222724338337
2026-06-23,150300,151400,137300,137400,1317728,-0.09247027741083225
2026-06-24,139300,141400,136300,138900,1133812,0.01091703056768556
2026-06-25,142000,144200,138300,139500,1040861,0.004319654427645814
2026-06-26,138200,139000,130000,135300,1133840,-0.03010752688172047
2026-06-29,135400,142400,132100,140600,786609,0.03917220990391712
2026-06-30,143400,143500,136200,138000,979109,-0.01849217638691325
2026-07-01,140500,144200,137700,141500,790999,0.0253623188405796
2026-07-02,142900,148700,137600,145200,1317643,0.02614840989399303
2026-07-03,146800,152000,143800,152000,1078769,0.04683195592286493
2026-07-06,153000,162500,150400,160700,1610920,0.05723684210526314
2026-07-07,157700,159100,147200,153700,1180558,-0.043559427504667125
2026-07-08,153100,162900,150000,156800,1779324,0.0201691607026675
2026-07-09,156700,156900,144400,144800,1363126,-0.07653061224489799
2026-07-10,147400,152000,145500,147500,1005420,0.018646408839779083
2026-07-13,148000,151100,142300,143500,898409,-0.027118644067796627
2026-07-14,143700,144700,138700,139600,1139267,-0.027177700348432032
2026-07-15,141400,146300,141300,145000,1067661,0.0386819484240688
2026-07-16,143400,150500,142400,149700,967288,0.032413793103448274
2026-07-20,143000,146300,138100,140000,876708,-0.06479625918503673
2026-07-21,139500,144900,137300,144600,870748,0.03285714285714292
2026-07-22,146400,150300,145500,146800,790259,0.015214384508990264
2026-07-23,146500,150000,145000,149800,555094,0.02043596730245234
2026-07-24,146300,146800,129500,130500,1512716,-0.1288384512683578
2026-07-27,133100,133200,127200,130400,1048912,-0.0007662835249042654
2026-07-28,126000,127300,121100,121800,1115783,-0.06595092024539873
2026-07-29,122700,126500,114700,120400,1833971,-0.011494252873563204
2026-07-30,115000,124400,115000,120800,1376243,0.0033222591362125353
2026-07-31,126100,132300,123700,131900,1434879,0.0918874172185431
2026-08-03,127000,130400,127000,129600,686065,-0.01743745261561791
2026-08-04,128400,129800,126400,129600,700158,0.0
2026-08-05,131400,134400,131300,133000,850555,0.026234567901234573
2026-08-06,132600,135800,130300,133600,796639,0.004511278195488799
2026-08-07,134000,135000,131000,134900,880574,0.009730538922155585
2026-08-10,133600,136200,132800,135500,703951,0.004447739065974732
2026-08-11,133800,136800,133800,134300,454123,-0.0088560885608856
2026-08-12,135800,137900,134700,135600,851047,0.00967982129560685
2026-08-13,137900,141000,135900,137400,1035090,0.01327433628318575
2026-08-14,137400,142400,137200,141700,771767,0.03129548762736545
2026-08-18,141800,142300,136000,137200,513457,-0.031757233592095924
2026-08-19,132800,133600,130000,133000,634199,-0.030612244897959218
2026-08-20,134600,134600,130800,131100,869614,-0.014285714285714235
